trump,1071
will,299
not,276
presidentelecttrump,264
pathetic,253
are,242
hillary,237
with,231
all,185
amp,185
tcot,184
old,179
donald,178
his,168
shriveled,163
prune,163
democratsliberalsobamacnn,163
have,161
trumptransition,156
what,153
about,147
from,141
they,135
like,134
out,131
privacy,129
just,129
trumps,127
who,126
your,126
was,125
our,120
russia,120
has,119
resist,117
more,116
get,112
why,110
now,110
him,110
always,109
liberals,107
president,106
but,105
how,99
theresistance,96
election,95
people,95
when,91
news,90
douchebagsdemocratsobamaflotuspotuspelosihillary,87
dont,87
kanye,87
america,86
should,86
one,83
trumptrain,82
russian,82
them,80
can,80
new,79
obama,79
time,71
pjnet,71
draintheswamp,67
their,67
make,65
know,65
need,65
gop,64
never,64
stop,63
nevertrump,63
electors,61
electoralcollege,60
going,60
over,60
great,59
too,59
white,59
there,58
right,58
democrats,57
against,54
good,54
hes,54
after,54
say,53
did,53
again,52
vote,52
putin,51
would,51
racist,50
her,50
american,50
cant,49
these,49
dumptrump,49
only,49
first,49
were,48
clinton,48
says,48
still,47
here,47
tillerson,47
day,47
want,46
must,46
media,46
into,45
boycott,45
think,44
christmas,44
ever,44
even,43
truth,42
state,42
any,42
really,42
because,42
fake,42
please,41
could,41
meeting,41
take,41
fakenews,40
twitter,39
been,39
see,39
cabinet,39
country,38
way,38
bill,38
hacking,38
keep,37
world,37
pick,37
call,36
companies,36
secretary,36
isis,36
doesnt,35
big,35
thank,35
won,35
msm,34
blacklivesmatter,34
usa,34
west,34
man,34
much,34
does,34
love,34
some,33
daily,33
energy,33
before,33
masa,33
thanks,33
yes,33
didnt,33
stillwithher,33
americafirst,33
watch,33
said,32
college,32
back,32
down,32
dems,32
heres,32
stoptrump,32
help,32
office,31
most,31
thats,31
lets,31
supported,31
show,31
business,31
republicans,31
security,30
had,30
rex,30
electoral,30
donaldtrump,30
youre,30
then,30
she,30
tell,30
look,29
lost,29
name,29
putinspuppet,29
breaking,29
house,29
black,29
many,29
fight,29
being,28
real,28
video,28
let,28
jobs,28
trumpprotest,28
years,28
war,28
today,28
another,28
latest,28
change,27
guy,27
same,27
got,27
well,27
nothing,27
better,27
wants,27
cia,27
makes,27
isnt,27
team,27
wont,27
needs,26
every,26
women,26
inauguration,26
swamp,25
press,25
read,25
russians,25
already,25
informtheelectors,25
sure,25
left,25
next,25
hamiltonelectors,25
very,25
money,24
gonna,24
believe,24
bad,24
things,24
peotus,24
hell,24
stand,24
resistance,24
since,24
under,24
job,24
tech,24
ass,23
million,23
cnn,23
ccot,23
fucktrump,23
thing,23
care,23
whitegenocide,23
those,23
someone,23
give,23
without,23
national,23
remember,23
elect,22
americans,22
obamas,22
made,22
anyone,22
gets,22
times,22
done,22
where,22
best,22
whats,22
tweet,22
winning,21
put,21
looks,21
protest,21
trying,21
long,21
party,21
emails,21
aleppo,21
power,21
away,20
high,20
wakeupamerica,20
called,20
climate,20
coming,20
presidenttrump,20
presidentelect,20
lol,20
letter,20
may,20
until,20
finally,20
john,20
government,20
constitution,20
hack,19
hey,19
off,19
voted,19
while,19
god,19
trump2016,19
gates,19
leaders,19
auditthevote,19
true,19
yet,19
wall,19
kids,19
ccotpjnet,18
little,18
tower,18
recount2016,18
supporters,18
russiahacking,18
anything,18
hacked,18
antitrump,18
everyone,18
states,18
voting,18
hate,18
work,18
free,18
thinker,18
two,18
democracy,18
interest,18
working,17
children,17
thought,17
100,17
perry,17
run,17
getting,17
end,17
comes,17
proof,17
history,17
support,17
such,17
hope,17
voters,17
lives,17
sad,17
doing,17
theyre,17
top,17
treason,16
picks,16
2016,16
other,16
russianhacking,16
law,16
campaign,16
political,16
shit,16
scum,16
fire,16
last,16
dnc,16
open,16
sex,16
something,16
recount,16
wow,16
liberal,16
perfect,16
enough,16
funny,16
reid,16
pizzagate,16
administration,16
russianhack,15
together,15
saying,15
making,15
michael,15
post,15
men,15
jfk,15
live,15
use,15
presidential,15
hard,15
kanyewest,15
info,15
calexit,15
move,15
family,15
turn,15
days,15
running,15
win,15
problem,15
shared,15
trumpleaks,15
reason,15
lock,15
tax,15
corruption,15
hotel,15
romney,15
friends,15
foreign,15
play,15
lie,15
deplorables,15
imstillwithher,15
fucking,14
brown,14
official,14
life,14
lies,14
person,14
part,14
bring,14
year,14
happy,14
cut,14
block,14
msnbc,14
both,14
try,14
politics,14
ceo,14
continues,14
maybe,14
votes,14
public,14
start,14
daughter,14
plans,14
king,14
fbi,14
face,14
putins,14
line,14
fraud,13
full,13
sec,13
water,13
agree,13
wikileaks,13
leader,13
education,13
night,13
might,13
pretty,13
list,13
own,13
potus,13
share,13
intelligence,13
found,13
conspiracy,13
fox,13
rich,13
adviser,13
rnc,13
cindycapo,13
fact,13
abortion,13
school,13
muslim,13
needed,13
trust,13
senators,12
2024,12
altright,12
lose,12
met,12
guess,12
hear,12
rick,12
come,12
crazy,12
actually,12
lady,12
red,12
once,12
trumptreason,12
ive,12
along,12
republican,12
wait,12
wtf,12
washington,12
talk,12
goes,12
tuesdaymotivation,12
home,12
lead,12
understand,12
social,12
congress,12
ibm,12
plan,12
sick,12
woman,12
worse,12
wanted,12
killed,12
treasonoustrump,12
arent,12
kind,12
corrupt,12
marching,11
seen,11
evidence,11
conservative,11
given,11
interests,11
islam,11
bernie,11
rest,11
dead,11
comey,11
mean,11
pay,11
flynn,11
meets,11
leave,11
wednesdaywisdom,11
pussy,11
watching,11
exactly,11
jim,11
control,11
check,11
michigan,11
used,11
fuck,11
follow,11
message,11
intel,11
freedom,11
americas,11
elected,11
inside,11
created,11
facebook,11
story,11
conflict,11
buck,11
happen,11
tweets,11
trumptower,11
thinks,11
himself,11
petertownsend7,11
hrc,11
order,11
imagine,11
having,11
wouldnt,10
baby,10
faithlesselectors,10
seriously,10
throw,10
oil,10
evil,10
lying,10
talking,10
united,10
safe,10
scary,10
everything,10
point,10
classified,10
impeachtrump,10
small,10
clintons,10
sound,10
nra,10
dear,10
wake,10
attacks,10
surprise,10
wish,10
theres,10
become,10
photo,10
far,10
seems,10
awesome,10
chocho,10
briefings,10
claims,10
failed,10
makeamericagreatagain,10
knows,10
oops,10
parade,10
find,10
2nd,10
donthecon,10
waiting,10
traitor,10
global,10
department,10
deal,10
wins,10
secret,10
feel,10
conflicts,10
damn,10
case,10
week,10
policy,10
community,10
taking,10
close,10
dem,10
idiot,9
impeach,9
winner,9
ivanka,9
chance,9
muslims,9
puppet,9
illegal,9
allow,9
lockherup,9
went,9
fascism,9
whos,9
democratic,9
ahead,9
elector,9
told,9
military,9
destroy,9
popular,9
snowflakes,9
question,9
which,9
nuclear,9
secrets,9
happened,9
meet,9
dept,9
late,9
tired,9
lgbtq,9
also,9
briefing,9
leading,9
protect,9
drumpf,9
hire,9
immigrants,9
hit,9
violence,9
mccain,9
piece,9
around,9
ppl,9
doe,9
stupid,9
calling,9
nfl,9
smh,9
hannity,9
instead,9
mom,9
behind,9
leaked,9
conflictsofinterest,9
facts,9
company,9
crooked,9
gives,9
petition,9
heard,9
blaming,9
democrat,9
nice,9
listen,9
director,9
protests,9
crimes,9
during,9
place,9
mitt,9
immigration,9
knew,9
email,8
badger,8
else,8
important,8
young,8
probably,8
whole,8
cities,8
forget,8
shut,8
means,8
fit,8
ways,8
111,8
former,8
chief,8
sorry,8
libtards,8
thinking,8
wonder,8
decal,8
takes,8
obamalegacy,8
welcome,8
street,8
names,8
interference,8
calls,8
picture,8
respect,8
proud,8
permission,8
tweeting,8
yeah,8
grabber,8
anymore,8
veterans,8
stein,8
economy,8
globalist,8
rally,8
draining,8
libs,8
less,8
huge,8
words,8
israel,8
jill,8
racism,8
almost,8
friend,8
unfit,8
article,8
files,8
act,8
wasnt,8
itself,8
spy,8
tells,8
joke,8
death,8
losers,8
three,8
notnormal,8
rickperry,8
thefive,8
cuz,8
coup,8
nyc,8
fan,8
detroit,8
iphone,8
bunch,8
report,8
presidency,8
single,8
bitch,8
earth,8
looking,8
low,8
fascist,8
supporting,8
terror,8
happening,8
mainstream,8
bullshit,8
uniteblue,8
agency,8
soon,8
showing,8
emoji,8
china,8
works,8
exxon,8
ask,8
harry,8
moore,8
game,8
rid,8
sgp,7
ryan,7
stuff,7
set,7
member,7
russianinterference,7
worst,7
sore,7
smart,7
edaccessible,7
expect,7
1st,7
sense,7
explains,7
signs,7
nominees,7
members,7
california,7
buy,7
patriots,7
either,7
wrong,7
between,7
nbc,7
matter,7
conference,7
took,7
quote,7
judge,7
gift,7
course,7
trumpy,7
gov,7
ethics,7
ready,7
taxes,7
warning,7
focus,7
nation,7
star,7
jones,7
interview,7
sanders,7
questions,7
propaganda,7
record,7
attacked,7
beyond,7
businesses,7
through,7
glenn,7
libertarian,7
russianhackers,7
millions,7
merry,7
cost,7
tunnels,7
inaugural,7
straight,7
gone,7
jesus,7
loser,7
russiagate,7
group,7
blame,7
hypocrisy,7
legend,7
govt,7
kill,7
page,7
benghazi,7
caught,7
ugly,7
2020,7
band,7
25000,7
deplorable,7
mind,7
slavery,7
absolute,7
waste,7
accept,7
cares,7
ties,7
police,7
internet,7
join,7
reality,7
lot,7
wisconsin,7
sos,7
kenya,7
update,7
effort,7
planned,7
climatechange,7
hackers,7
girl,7
sign,7
absolutely,7
jail,7
hole,7
workers,7
reject,7
started,7
hello,7
border,7
involvement,7
favorite,7
fix,7
yep,7
asked,7
2017,7
food,7
petty,7
yrs,6
disaster,6
saudi,6
shame,6
revote,6
dollars,6
weapon,6
islamic,6
sweet,6
hillarys,6
york,6
season,6
treat,6
manbaby,6
revolution,6
liar,6
merrychristmas,6
speaking,6
foxnews,6
trouble,6
nor,6
blackouttrump,6
handle,6
james,6
lawsuit,6
pledge,6
room,6
abandoned,6
reminder,6
tries,6
hold,6
helping,6
nomination,6
grocery,6
explain,6
music,6
advice,6
foundation,6
podesta,6
david,6
admits,6
term,6
lewis,6
hates,6
realdonaldtrump,6
poor,6
crime,6
rape,6
antiwhite,6
fun,6
definitely,6
hearing,6
laws,6
middle,6
wittier,6
danger,6
moscow,6
second,6
international,6
conscience,6
ideas,6
transition,6
majority,6
comrade,6
boy,6
pack,6
zine,6
countries,6
boycottmsm,6
inner,6
crying,6
voter,6
choices,6
allis,6
alex,6
statement,6
gary,6
google,6
interior,6
standing,6
choice,6
side,6
based,6
fighting,6
vile,6
uses,6
taps,6
888,6
stake,6
hopefully,6
following,6
rule,6
tucker,6
tpp,6
audit,6
child,6
save,6
reddit,6
access,6
experience,6
cool,6
perform,6
garbage,6
trumpsters,6
break,6
corporate,6
bands,6
voice,6
mcconnell,6
major,6
cult,6
hand,6
wife,6
store,6
starting,6
data,6
weve,6
rock,6
photos,6
doubt,6
force,6
ignore,6
city,6
front,6
blind,6
jackie,6
among,6
narcissist,6
ray,6
space,6
supporter,6
pres,6
future,6
telling,6
each,6
congressman,6
records,6
deals,6
custom,6
folks,6
hands,6
rednationrising,6
perfectly,6
clown,6
dec,6
planet,6
ago,6
illegals,6
loves,6
scam,6
vetoes,6
speech,6
amazing,6
tool,6
grow,6
incompetence,6
cuts,6
source,6
hillaryclinton,6
action,6
bully,6
discredited,6
invaded,6
delusional,6
anti,6
drain,6
rights,6
totally,6
unite,6
mental,6
lnyhbt,6
entire,5
tragedy,5
build,5
hacks,5
pro,5
supports,5
fine,5
human,5
lockhimup,5
main,5
toldyouso,5
idiots,5
uhuru,5
faithless,5
crowd,5
congrats,5
walking,5
retweet,5
counties,5
interfere,5
hitler,5
parenthood,5
tickets,5
knowing,5
theyll,5
themselves,5
dumpkelloggs,5
holy,5
texas,5
sitting,5
haha,5
comments,5
electoralcollegebebrave,5
weeks,5
pence,5
normalize,5
feels,5
opinion,5
banned,5
anythingbutislam,5
figure,5
incoming,5
steal,5
officer,5
zero,5
value,5
victory,5
kayne,5
sell,5
candidate,5
asshole,5
followers,5
art,5
excellent,5
fear,5
exposes,5
comment,5
apple,5
busy,5
pedophile,5
train,5
special,5
shouldnt,5
clearly,5
wealth,5
sanctions,5
threatening,5
overturn,5
bush,5
january,5
opportunity,5
navy,5
turns,5
yall,5
count,5
barry,5
puts,5
color,5
head,5
minute,5
example,5
thousands,5
liars,5
biggest,5
golden,5
liberty,5
tillersons,5
missing,5
rep,5
speak,5
federal,5
officials,5
scientists,5
keeps,5
featuredstories,5
possible,5
sources,5
stephen,5
sums,5
powerful,5
mothers,5
rinos,5
market,5
notice,5
criminal,5
suck,5
losing,5
confused,5
amb,5
chaos,5
tlot,5
cause,5
ill,5
disruptj20,5
santa,5
tainted,5
played,5
decentralize,5
shows,5
response,5
lmao,5
dude,5
violation,5
uber,5
george,5
sheriff,5
justice,5
army,5
assange,5
science,5
praise,5
culture,5
doddfrank,5
religious,5
deep,5
hiring,5
hurt,5
class,5
account,5
graham,5
starts,5
precincts,5
lgbt,5
insane,5
brought,5
charge,5
claimed,5
palin,5
book,5
russias,5
moving,5
revenge,5
reform,5
few,5
morning,5
freaking,5
birth,5
strong,5
despite,5
demand,5
problems,5
sing,5
frontpage,5
screw,5
box,5
defense,5
choose,5
information,5
traitortrump,5
putinsbitch,5
werent,5
british,5
prove,5
dog,5
embassy,5
enemy,5
sexual,5
civil,5
attack,5
likely,5
abuse,5
yeezy,5
search,5
brilliant,5
moment,5
known,5
arms,5
inspired,5
viral,5
nobody,5
20th,5
board,5
bannon,5
trumppence16,5
bet,5
ratings,5
optrump,5
agreed,5
within,5
age,5
registered,5
rather,5
hillaryforprison,5
ride,5
outrage,5
kalergi,5
putting,5
scared,5
responsibility,5
tied,5
syria,5
position,5
giving,5
past,5
sites,5
chris,5
meme,5
orange,5
chicago,5
promised,5
approval,5
gtgt,5
loses,5
warrant,5
legacy,5
lots,5
reveals,5
certificate,5
kasich,5
retweeted,5
pos,5
loss,5
final,5
millennials,5
sends,5
epa,5
investigate,5
billionaires,5
appoint,5
passed,5
mathoverideology,5
upset,5
worry,5
hero,5
ben,5
transition2017,5
apparently,5
normal,5
nodapl,5
humanity,5
though,5
dump,5
machines,5
sit,5
hits,4
released,4
phone,4
aid,4
unhinged,4
series,4
shop,4
word,4
fell,4
whyweexit,4
private,4
hollywood,4
radio,4
sworn,4
enjoy,4
lining,4
literally,4
hiding,4
hopes,4
network,4
threaten,4
shes,4
hall,4
cars,4
integrity,4
trumpers,4
likens,4
plot,4
steins,4
dangerousworld,4
helped,4
trumpgate,4
court,4
relationship,4
decision,4
fathers,4
scandal,4
ladies,4
trumppresident,4
trumpocalypse,4
send,4
rigging,4
rice,4
weekly,4
massive,4
elon,4
solidarity,4
cover,4
candidates,4
skin,4
students,4
nominations,4
recovery,4
becomes,4
invited,4
elites,4
obamacare,4
drugs,4
deserves,4
ironiccabinetpicks,4
clear,4
tonight,4
cold,4
outraged,4
eyes,4
flip,4
incredible,4
potustrump,4
siliconvalley,4
traitors,4
lord,4
hackedstole,4
scumbag,4
resist2016,4
fdt,4
carrying,4
risk,4
cartoon,4
hamilton,4
spent,4
fool,4
dumb,4
snowflake,4
planning,4
illegitimate,4
broke,4
kenyan,4
lays,4
announces,4
evancho,4
mine,4
senate,4
goodbye,4
fed,4
personally,4
thankyoutour2016,4
syrian,4
stunt,4
seniors,4
poll,4
behavior,4
bankers,4
finger,4
inners,4
johnson,4
asking,4
bible,4
drinking,4
least,4
landslide,4
request,4
amjoy,4
concerned,4
gas,4
wars,4
gave,4
refuse,4
spending,4
resisttrump,4
beautiful,4
merica,4
student,4
boycottcnn,4
feds,4
tour,4
appointed,4
crap,4
divest,4
realize,4
statewide,4
civilians,4
bills,4
caused,4
discrimination,4
jan,4
prevent,4
heart,4
deportremove,4
bond,4
nevermypresident,4
brother,4
omg,4
key,4
rextillerson,4
mypresidentwasblack,4
completely,4
letters,4
truly,4
replace,4
sandyhook,4
refuses,4
super,4
prolife,4
replaced,4
debt,4
standard,4
fools,4
mexican,4
deleted,4
bubble,4
stream,4
wonderful,4
society,4
popularity,4
musk,4
mexico,4
babies,4
gunsense,4
false,4
admin,4
articles,4
couldnt,4
trade,4
hypocrite,4
bank,4
theyve,4
expose,4
german,4
summit,4
amazon,4
holiday,4
simple,4
misogynist,4
pelosis,4
visited,4
lower,4
sometimes,4
commentary,4
actual,4
decisions,4
cartel,4
getoverit,4
privilege,4
defend,4
miller,4
failing,4
fill,4
mess,4
satanic,4
devos,4
couponing,4
giftideasforpoliticians,4
economic,4
wittier9,4
cyberpower,4
trumpwon,4
near,4
sent,4
georgia,4
anythingbuti,4
stock,4
reporter,4
blacks,4
ignorant,4
none,4
brings,4
trumplies,4
cute,4
hilarious,4
assad,4
brexit,4
ruto,4
available,4
confirms,4
hat,4
step,4
migrants,4
bear,4
reach,4
basically,4
growing,4
detroits,4
leak,4
charges,4
reasons,4
legal,4
anybody,4
etc,4
20000,4
gain,4
fail,4
debate,4
westworld,4
review,4
vladimir,4
hidden,4
999,4
kristol,4
greater,4
hershey,4
opposition,4
pipeline,4
infowars,4
politicians,4
advisor,4
hoping,4
personal,4
heartbeat,4
raising,4
feelthebern,4
general,4
normalizing,4
talks,4
hmmm,4
phony,4
disrupttrump,4
welfare,4
burning,4
disgusting,4
continue,4
coal,4
service,4
survive,4
blm,4
further,4
willing,4
machine,4
release,4
fired,4
breitbart,4
scotus,4
feeling,4
signed,4
carrier,4
wisdom,4
rogue,4
rating,4
employees,4
threw,4
deserve,4
bus,4
amendment,4
dark,4
eat,4
bit,4
canada,4
december,4
ignored,4
written,4
pelosi,4
antiamerican,4
sanctuary,4
vindictive,4
except,4
song,4
holding,4
deport,4
weekend,4
strike,4
gingerbread,4
journalists,4
celebrating,4
scare,4
prime,4
research,4
tyranny,4
dream,4
nightmare,4
womensmarch,4
especially,4
mad,4
thursday,4
nsa,4
attend,4
confirmation,4
governments,4
hed,4
glad,4
staff,4
hot,4
russiancoup,4
assessment,4
officially,4
books,3
attempting,3
quite,3
revolt,3
huh,3
democracy2016,3
liberated,3
meetings,3
pass,3
cbs,3
advising,3
site,3
borders,3
apology,3
kelloggs,3
gotta,3
shell,3
relations,3
claim,3
melania,3
speaks,3
regarding,3
elections,3
moves,3
oval,3
correct,3
thru,3
caller,3
creepy,3
ycot,3
interesting,3
sht,3
idea,3
mediabias,3
aint,3
dirty,3
progress,3
above,3
buddy,3
effect,3
mcconnellryan,3
towards,3
anywhere,3
warns,3
muhammad,3
labor,3
stronger,3
crook,3
vets,3
taylor,3
led,3
conflictofinterest,3
taken,3
stateofemergency,3
compare,3
antiwhites,3
sot,3
stopped,3
trailer,3
authoritarian,3
failures,3
complete,3
opt,3
industry,3
forgotten,3
eye,3
loved,3
wakeup,3
codeword,3
slams,3
journalist,3
movie,3
paid,3
genius,3
supreme,3
funding,3
claiming,3
ctl,3
playing,3
participate,3
biased,3
tried,3
ted,3
app,3
germany,3
brags,3
oath,3
nonsense,3
andrea,3
dea,3
clearances,3
divide,3
leaves,3
emperor,3
patriotic,3
appfrontpage,3
stars,3
greedy,3
tweeted,3
haters,3
race,3
soar,3
wrote,3
heavy,3
nonwhites,3
month,3
came,3
earnest,3
sean,3
touch,3
monday,3
capital,3
brief,3
asks,3
elects,3
divisions,3
obviously,3
intellectuphobia,3
cup,3
designed,3
honest,3
anniversary,3
forward,3
actions,3
europe,3
boom,3
cops,3
paying,3
trumpputin,3
lease,3
whites,3
dickmove,3
trumphead,3
stephanopoulos,3
thereistance,3
cias,3
greatest,3
yearsold,3
mike,3
informed,3
banks,3
havent,3
busted,3
fat,3
sensitive,3
exxons,3
tshirt,3
announce,3
admit,3
happens,3
deepen,3
heartbeatbill,3
shot,3
craig,3
influence,3
forth,3
bigger,3
supportourtroops,3
recognized,3
laughing,3
different,3
con,3
registry,3
deeper,3
holidays,3
bromance,3
status,3
solve,3
flag,3
air,3
kudos,3
charles,3
britain,3
strongertogether,3
fucked,3
worker,3
responsible,3
wide,3
modern,3
freakin,3
shocking,3
bye,3
local,3
vpeotus,3
abc,3
form,3
restaurant,3
firm,3
podestaemails,3
treated,3
notes,3
trumpsarmy,3
installed,3
station,3
dangerous,3
walks,3
loons,3
bite,3
laugh,3
unconstitutional,3
kerry,3
legitimate,3
terrorism,3
jus,3
russiahack,3
patriot,3
learn,3
mcmullin,3
gingrich,3
decades,3
nope,3
duty,3
minority,3
below,3
aided,3
role,3
liberaltears,3
quo,3
lawyers,3
easy,3
discovers,3
reset,3
lawmakers,3
refugees,3
soft,3
brave,3
theory,3
bitter,3
postpones,3
artist,3
whine,3
affect,3
difference,3
condi,3
writing,3
riddance,3
levels,3
trumpcard,3
animals,3
pockets,3
feeding,3
imwithher,3
across,3
billion,3
forever,3
moron,3
filltheswamp,3
clowns,3
worth,3
seek,3
youd,3
terrifying,3
grows,3
compares,3
wwii,3
racial,3
related,3
blasio,3
everybody,3
thisisacoup,3
founding,3
notmyamerica,3
add,3
defeat,3
screwed,3
snl,3
difficult,3
predator,3
yuuuge,3
spread,3
cheating,3
attention,3
seem,3
boycotttrump,3
narrative,3
successful,3
jfc,3
statements,3
bribes,3
docs,3
okay,3
gun,3
activities,3
program,3
rap,3
weapons,3
globalism,3
gold,3
beat,3
jennifer,3
newt,3
dakota,3
cuck,3
minister,3
watergate,3
damage,3
comedy,3
contact,3
valley,3
listened,3
rough,3
worlds,3
five,3
thisisnotnormal,3
fans,3
banner,3
tinyhands,3
youtube,3
deadline,3
weak,3
explanation,3
drained,3
pushing,3
hide,3
suit,3
videos,3
present,3
opposite,3
safety,3
impeached,3
reagan,3
became,3
handshake,3
obamahillary,3
bigotry,3
honey,3
nancy,3
stadium,3
pretend,3
supremacist,3
file,3
blown,3
condoleezza,3
mafia,3
corporations,3
aimed,3
assault,3
runs,3
sued,3
football,3
establishment,3
hahaha,3
lasting,3
don,3
prez,3
1p1vote,3
hacker,3
celebritieshonorthem,3
posts,3
mayor,3
ofthe,3
jerusalem,3
film,3
priority,3
minds,3
devil,3
teamtrump,3
opened,3
hrcs,3
patriotism,3
error,3
legit,3
doctor,3
doomed,3
saveamerica,3
due,3
consider,3
ahh,3
luck,3
stay,3
meds,3
plane,3
spite,3
note,3
dcarea,3
fortune,3
shi,3
forces,3
stick,3
meltdown,3
shoutout,3
considered,3
figured,3
mandate,3
controversy,3
felt,3
seeing,3
youth,3
turkey,3
spend,3
sold,3
listening,3
ring,3
countrys,3
corruptmedia,3
scene,3
sane,3
taxpayers,3
leftists,3
forced,3
girls,3
sets,3
shall,3
london,3
attempt,3
gamergate,3
building,3
regulations,3
involved,3
reports,3
protesttrump,3
france,3
jobsreport,3
hill,3
election2016,3
bee,3
number,3
drive,3
121316,3
short,3
car,3
era,3
invasion,3
victim,3
using,3
base,3
treasonous,3
postelection,3
ethical,3
nwo,3
explosive,3
keeping,3
falling,3
bid,3
defends,3
serious,3
nasa,3
nearly,3
erase,3
michelle,3
push,3
hasnt,3
brutal,3
common,3
result,3
drives,3
delivery,3
pssed,3
angry,3
corrupttrump,3
ambassador,3
clapper,3
fixed,3
yesterday,3
nominated,3
rules,3
selling,3
bless,3
irony,3
ohio,3
testing,3
neverhillary,3
barack,3
grave,3
lefts,3
lesson,3
betsy,3
mitch,3
editorinchief,3
period,3
league,3
deletes,3
visit,3
eisenhower,3
issue,3
approach,3
pins,3
dare,3
feed,3
view,3
avoid,3
freaks,3
finding,3
directly,3
excited,3
agent,3
vital,3
helps,3
floating,3
wreck,3
glass,3
born,3
stolenelection,3
goal,3
backs,3
anonymous,3
signal,3
hair,3
chains,3
amen,3
discuss,3
womenfortrump,3
offer,3
cannot,3
theresistanse,3
unions,3
attempted,3
peoples,3
wearing,3
points,3
thatcretin,3
microsoft,3
rate,3
surprising,3
toys,3
marcia,3
leaving,3
stories,3
drac,3
supposed,3
guts,3
bob,3
impeachment,3
constitutional,3
alien,3
reportedly,3
joe,3
cozy,3
strategy,3
tweeter,3
arrest,3
ban,3
heads,3
thursdaythoughts,3
large,3
magic,3
natl,3
results,3
religion,3
clearance,3
fast,3
wednesday,3
congressional,3
rices,3
delete,3
failure,3
teaches,3
simmonds,3
somewhere,3
singing,2
5000,2
prick,2
shred,2
russianpuppet,2
wearethemajority,2
signedbytrump,2
unless,2
preferred,2
smell,2
famer,2
yeezus,2
pennsylvania,2
masses,2
colin,2
inspiration,2
presidents,2
alliance,2
enabler,2
blue,2
material,2
contacted,2
hedge,2
prison,2
serial,2
march,2
builds,2
uncategorized,2
crossed,2
russiantrump,2
criticize,2
cookie,2
2012,2
filling,2
chinese,2
wrestler,2
insanity,2
selfish,2
conservatives,2
alive,2
priceless,2
songs,2
virginia,2
dreamers,2
finale,2
duterte,2
rappers,2
direct,2
batshit,2
cmon,2
deny,2
destabilize,2
affairs,2
susan,2
microsofts,2
warming,2
protestors,2
sits,2
reserve,2
button,2
returns,2
killing,2
pride,2
committee,2
christ,2
reverse,2
approaches,2
violate,2
sir,2
sat,2
selects,2
educated,2
dhs,2
positions,2
collapse,2
leftover,2
rioters,2
wishing,2
sayin,2
tuesdaythought,2
russianhacks,2
stockings,2
jazz,2
subject,2
beyonc,2
financial,2
utter,2
realityshownation,2
washpost,2
qampa,2
uspoli,2
yuge,2
residents,2
dota,2
announced,2
elite,2
opponents,2
lindsay,2
djt,2
twicethankyoutour2016,2
andor,2
accent,2
limits,2
pulling,2
tears,2
repubs,2
rational,2
linktv,2
streets,2
247,2
goldman,2
wouldve,2
aforce,2
promoted,2
owns,2
guns,2
subway,2
modernizing,2
friendly,2
skyrockets,2
judges,2
sanity,2
anyway,2
vagina,2
useful,2
lowest,2
600,2
forged,2
competition,2
richardson,2
wasted,2
sigh,2
1998,2
inconvenient,2
pull,2
carlson,2
conviction,2
dontsayhisname,2
bff,2
veteran,2
remove,2
17th,2
hood,2
rental,2
presidentreject,2
ocra,2
processors,2
neocon,2
legends,2
solyndra,2
notmyfirstlady,2
trumpis,2
flynns,2
yourself,2
oakland,2
programme,2
anger,2
african,2
fascists,2
tom,2
putingate,2
precious,2
distract,2
self,2
fracking,2
threat,2
creation,2
chat,2
1996,2
wiunion,2
drink,2
changed,2
kennedy,2
friday,2
nixon,2
soso,2
controversial,2
hang,2
typical,2
irs,2
rightwing,2
ridiculous,2
swept,2
trumpkins,2
mouth,2
winter,2
emergency,2
passion,2
scheduled,2
bullying,2
western,2
shares,2
fines,2
pentagon,2
fitness,2
answer,2
invaders,2
bigoted,2
fatal,2
code,2
convenient,2
circus,2
hearts,2
ones,2
engaged,2
karenrebels,2
orders,2
dies,2
loserdonald,2
slur,2
mug,2
empathy,2
jenny,2
sports,2
opposing,2
painted,2
exxonmobil,2
mcdonalds,2
alarmed,2
transformed,2
draft,2
proves,2
bed,2
huma,2
irresistible,2
racists,2
btw,2
2018,2
cheeto,2
mussolini,2
ancestors,2
offering,2
pretending,2
inappropriately,2
lecturing,2
math,2
mittens,2
european,2
blew,2
fundraising,2
shld,2
skips,2
added,2
cancel,2
allowed,2
plz,2
repub,2
gorgeous,2
receive,2
signers,2
author,2
manipulates,2
capitalism,2
martin,2
muster,2
buzzfeed,2
investing,2
embraced,2
banislam,2
trumpe,2
prince,2
album,2
thug,2
ward,2
tons,2
create,2
wapo,2
finance,2
silly,2
yellen,2
mitchell,2
certainly,2
cultural,2
brooklyn,2
commie,2
nations,2
handler,2
balkans,2
wearehostages,2
petraeus,2
pure,2
couple,2
desire,2
muhammads,2
stubbed,2
dilemma,2
details,2
incompetent,2
mission,2
wikipedia,2
spell,2
smile,2
health,2
bowl,2
road,2
pigs,2
globalists,2
disney,2
oralcigarettes,2
comparing,2
opp,2
suckers,2
kirk,2
twilight,2
publicly,2
fuhrer,2
central,2
meddling,2
gee,2
josh,2
ignorance,2
impact,2
cruz,2
antiracists,2
legalization,2
representation,2
vote2016,2
blocking,2
bho,2
begin,2
pair,2
buildthewall,2
brightest,2
cheap,2
cheat,2
vandals,2
puke,2
mirror,2
compilation,2
offensive,2
gay,2
wonderland,2
kgb,2
gunman,2
sticking,2
fails,2
covering,2
chinas,2
wearethemajorityvote,2
speed,2
cray,2
sucka,2
bitching,2
trumpelect,2
shown,2
romantic,2
filthy,2
stores,2
translation,2
spoke,2
destruction,2
criminals,2
pale,2
groom,2
taught,2
kurt,2
principles,2
carson,2
businessman,2
ownership,2
larry,2
represent,2
netflix,2
happier,2
shake,2
hijab,2
stealing,2
beheading,2
guccifer,2
interfered,2
ayn,2
senior,2
eliminate,2
catholic,2
shoot,2
politician,2
breakthrough,2
trump45,2
taiwan,2
slaves,2
mrs,2
several,2
roll,2
ice,2
gross,2
lied,2
guessing,2
urgent,2
appears,2
jabroni,2
leads,2
dancing,2
bother,2
tata,2
necklaces,2
sen,2
covers,2
fees,2
fanatic,2
arrested,2
posting,2
stfu,2
focused,2
denying,2
disgraced,2
citizens,2
railas,2
ally,2
hellnawguration,2
grab,2
donny,2
therapy,2
wheels,2
swap,2
rates,2
alleged,2
fountainhead,2
east,2
swift,2
command,2
leftwing,2
van,2
rise,2
master,2
highly,2
giuliani,2
crisis,2
triple,2
spreading,2
blonde,2
offenders,2
nomorehate,2
shocked,2
jerry,2
cake,2
walkingdead,2
hilary,2
production,2
refusing,2
worldwide,2
son,2
suffer,2
sachs,2
distractions,2
illegalimmigration,2
czar,2
charged,2
fucks,2
warned,2
kanyes,2
chao,2
shmatko,2
land,2
esports,2
warisover,2
hypocrites,2
reelection,2
meaningful,2
artists,2
predicted,2
burger,2
cyberattacks,2
butt,2
struggles,2
promising,2
soars,2
putrid,2
waits,2
islamist,2
mon,2
quick,2
pursuing,2
denzel,2
killarys,2
dec19,2
ironic,2
lostget,2
twitler,2
miss,2
otherwise,2
threats,2
killercops,2
forcing,2
launch,2
cries,2
sheep,2
intercepts,2
driver,2
selective,2
praised,2
saturday,2
organizer,2
epic,2
policies,2
captions,2
icon,2
north,2
die,2
blog,2
trumpteam,2
drop,2
type,2
1990,2
jack,2
condemning,2
childish,2
suggested,2
lyintrump,2
yelling,2
unleashes,2
accountable,2
followed,2
bocelli,2
largest,2
lockheed,2
weirdest,2
built,2
communist,2
sham,2
explaining,2
aisle,2
towers,2
worked,2
haiti,2
dust,2
trumppence,2
arm,2
till,2
proven,2
chosen,2
undermine,2
counterjihadus,2
vicious,2
fdr,2
universe,2
copy,2
unacceptable,2
reallytrump,2
tough,2
greed,2
advisors,2
overthrow,2
rip,2
recounts,2
credit,2
saw,2
freak,2
admitted,2
comin,2
nohate,2
gap,2
motto,2
unbelievers,2
amazons,2
dorsey,2
courtroom,2
crushing,2
career,2
direction,2
trip,2
wiright,2
kremlin,2
trumplethinskin,2
quietly,2
toward,2
customer,2
project,2
robert,2
sector,2
rob,2
declare,2
reserved,2
cracker,2
begins,2
qualifies,2
bars,2
others,2
repeatedly,2
current,2
enter,2
youve,2
pal,2
arabia,2
insider,2
church,2
performs,2
vending,2
excuse,2
scarier,2
ronald,2
37patriots,2
endorsed,2
journalism,2
chilling,2
string,2
flint,2
misinformed,2
speaker,2
complains,2
atlanta,2
bag,2
slow,2
youll,2
suprun,2
bantrump,2
optimism,2
engage,2
silver,2
trumputin,2
whackjob,2
billionaire,2
shameful,2
dow,2
outlets,2
surely,2
dealings,2
living,2
profiling,2
evening,2
changing,2
suggest,2
english,2
invest,2
amazed,2
drainingtheswamp,2
dragged,2
creamer,2
archenemy,2
repeats,2
eight,2
socalled,2
blacktwitter,2
warnings,2
buying,2
believes,2
121516,2
preselect,2
blow,2
agents,2
cybersecurity,2
disastrous,2
agencies,2
intellectual,2
additional,2
celebrities,2
vice,2
unemployment,2
dumpster,2
hungary,2
concerns,2
julian,2
scheme,2
rino,2
fair,2
suicide,2
stocking,2
nazis,2
chased,2
striking,2
preppers,2
shamelection2016,2
gum,2
shiny,2
mass,2
airport,2
scientist,2
mother,2
nominee,2
spoken,2
father,2
whoopi,2
honduran,2
citizen,2
diversions,2
dictator,2
teaparty,2
seconds,2
felony,2
paul,2
morningjoe,2
agre,2
pictures,2
classic,2
awful,2
website,2
mans,2
four,2
blood,2
memorial,2
faithlesselector,2
8yrs,2
shaking,2
monster,2
colony,2
text,2
recent,2
terribly,2
classy,2
orangehitler,2
cronies,2
shout,2
kalonzo,2
burst,2
murderer,2
5th,2
stole,2
stooge,2
desk,2
kick,2
experienced,2
bias,2
saving,2
bansjw,2
buys,2
cred,2
third,2
nudity,2
slapped,2
knob,2
ltgaggt,2
sounds,2
faith,2
tuesday,2
teenage,2
cam,2
stabbing,2
leaks,2
naivasha,2
intuition,2
perversion,2
activist,2
utpol,2
libtard,2
rands,2
cared,2
unfollow,2
relevant,2
transport,2
fanboys,2
thanksjackasses,2
demanding,2
destinations,2
perspective,2
equal,2
marriage,2
despicable,2
psych,2
gosh,2
wewontgoback,2
logo,2
irrelevant,2
agenda,2
janet,2
blackmailed,2
strategic,2
blocked,2
donors,2
gaming,2
advocate,2
serve,2
coffee,2
deflect,2
gifts,2
condition,2
laura,2
galaxy,2
vlad,2
assassinate,2
auspol,2
crybaby,2
region,2
talbot,2
baseball,2
hoax,2
asap,2
bombs,2
taxation,2
wise,2
edition,2
issues,2
ulrich,2
later,2
soho,2
protects,2
crossing,2
neonazi,2
duped,2
understands,2
scrubs,2
thrown,2
globe,2
rigged,2
afraid,2
vox,2
oklahoma,2
promises,2
religionofpeace,2
sw4t,2
buttercup,2
boarding,2
directed,2
values,2
thumbs,2
whitehouse,2
pop,2
embrace,2
darker,2
bastard,2
summed,2
crookeddonald,2
murray,2
looked,2
decade,2
despot,2
demagogue,2
payroll,2
logic,2
brainwashing,2
disrupt,2
solutions,2
repeat,2
non,2
shoots,2
selfcentered,2
picked,2
epidemic,2
survey,2
2016s,2
iran,2
genocide,2
punishing,2
natural,2
fries,2
skill,2
beginning,2
ballot,2
pnet,2
owners,2
depth,2
investigation,2
openly,2
melanin,2
famous,2
recall,2
moments,2
section,2
thus,2
offended,2
newsthere,2
breach,2
honestly,2
stolen,2
mormon,2
reversing,2
thread,2
headlines,2
actors,2
thang,2
apprentice,2
innocent,2
llc,2
reprisals,2
defamation,2
alone,2
stays,2
lawbreaker,2
stalin,2
pitcher,2
hillarywon,2
murders,2
travel,2
sellout,2
plant,2
potential,2
slut,2
berniesanders,2
dose,2
plastic,2
zone,2
vegas,2
professor,2
assistant,2
dress,2
silent,2
cfpb,2
herself,2
spits,2
guardian,2
decide,2
allowing,2
whoops,2
coolest,2
woods,2
percent,2
declares,2
20week,2
electoralcollegeasktheelectors,2
steel,2
themamericafirst,2
roger,2
terrorist,2
forwardinfo,2
arpaio,2
extort,2
murder,2
roosevelt,2
considering,2
clashdaily,2
saudis,2
locations,2
rebels,2
psychology,2
christian,2
hatred,2
closer,2
balance,2
emolumentsclause,2
clan,2
klan,2
sketch,2
forgive,2
absurd,2
jerks,2
slack,2
whoa,2
underwear,2
blocktrump,2
kissing,2
joy,2
chickentrump,2
missed,2
pleased,2
episode,2
formal,2
vot,2
damned,2
compromise,2
jealousy,2
surprised,2
investigative,2
elitist,2
spineless,2
ant,2
sooooo,2
able,2
ourselves,2
xmas,2
picking,2
lineup,2
sink,2
mocks,2
promise,2
held,2
johnpodesta,2
defeating,2
intimidation,2
swear,2
brock,2
steve,2
wed,2
liked,2
image,2
grand,2
level,2
countless,2
lmfao,2
confuse,2
raila,2
newsweek,2
korea,2
badly,2
crimea,2
headed,2
nevertrumpers,2
wine,2
armed,2
justify,2
technical,2
influenced,2
fall,2
googles,2
county,2
wondering,2
aleppos,2
destroys,2
sentenced,2
shits,2
douche,2
dobbs,2
suited,2
settle,2
recording,2
troll,2
acdc,2
lars,2
date,2
enterprise,2
desperate,2
unfortunately,2
hilliary,2
cast,2
dna,2
necessary,2
spot,2
recalled,2
reins,2
door,2
hypocritical,2
terrorists,2
ukraine,2
marxist,2
removed,2
thoughts,2
startups,2
sjw,2
green,2
ashamed,2
voterfraud,2
wash,2
port,2
investigating,2
adweek,2
requests,2
dts,2
christmasideas,2
coulter,2
hesmypresident,2
beer,2
miles,2
franklin,2
beauty,2
1984,2
furious,2
disgrace,2
consequences,2
newspaper,2
tune,2
ball,2
hammett,2
instagram,2
richer,2
ltlt,2
provide,2
features,2
bankrupt,2
appointments,2
bashing,2
confusion,2
officers,2
copying,2
louisiana,2
clintonnewsnetwork,2
intervene,2
buisness,2
conversion,2
itwe,2
abt,2
frivolous,2
garyjohnson,2
rush,2
matrix,2
energysecretary,2
dollar,2
irregularities,2
suddenly,2
myth,2
react,2
tree,2
yours,2
expense,2
cabinetpicks,2
sooo,2
allegations,2
quoting,2
ruth,2
3rd,2
douchebag,2
animated,2
trumpcabinet,2
gsa,2
trumptraintrumparmy,2
trumprally,2
excluded,2
yourselves,2
price,2
knobs,2
utah,2
eminent,2
unity,2
hence,2
reading,2
antichrist,2
representatives,2
flames,2
loosing,2
schlonged,2
mishandled,2
resisting,2
complex,2
cheers,2
overhaul,2
rare,2
biz,2
cnnmoney,2
adds,2
closet,2
counting,2
chain,2
activity,2
vow,2
butthurt,2
auditthevotes,2
1396,2
marblesrevote,2
florida,2
wear,2
study,2
crash,2
south,2
bluelivesmatter,2
zinke,2
humor,2
ordered,2
naming,2
absence,2
punk,2
carry,2
import,2
blogs,2
predict,2
groups,2
named,2
highest,2
liberalism,2
kiss,2
theoretical,2
male,2
faithful,2
ads,2
nightmares,2
link,2
spin,2
hillarygoodbye,2
stone,2
finished,2
innovation,2
parents,2
investigated,2
quran,2
six,2
wearefucked,2
funded,2
armynavy,2
quickly,2
manufacturers,2
exclusive,2
murderers,2
richard,2
sentence,2
spur,2
taxreturns,2
prepared,2
beloved,2
finest,2
snake,2